<?xml version='1.0' encoding='UTF-8'?>
<additional>
  <tlLogic id="n_1_1" type="static" programID="n_1_1" offset="0">
      <phase duration="37" state="rrrrGgrrrrrrrrrrGgrrrrrr" minDur="32" maxDur="42"/>
      <phase duration="3"  state="yyyyyyyyyyyyyyyyyyyyyyyy"/>
      <phase duration="37" state="GGGGrrrrrrrrGGGGrrrrrrrr" minDur="32" maxDur="42"/>
      <phase duration="3"  state="yyyyyyyyyyyyyyyyyyyyyyyy"/>
      <phase duration="37" state="rrrrrrrrrrGgrrrrrrrrrrGg" minDur="32" maxDur="42"/>
      <phase duration="3"  state="yyyyyyyyyyyyyyyyyyyyyyyy"/>
      <phase duration="37" state="rrrrrrGGGGrrrrrrrrGGGGrg" minDur="32" maxDur="42"/>
      <phase duration="3"  state="yyyyyyyyyyyyyyyyyyyyyyyy"/>
  </tlLogic>
  <tlLogic id="n_1_2" type="static" programID="n_1_2" offset="0">
      <phase duration="37" state="rrrrGgrrrrrrrrrrGgrrrrrr" minDur="32" maxDur="42"/>
      <phase duration="3"  state="yyyyyyyyyyyyyyyyyyyyyyyy"/>
      <phase duration="37" state="GGGGrrrrrrrrGGGGrrrrrrrr" minDur="32" maxDur="42"/>
      <phase duration="3"  state="yyyyyyyyyyyyyyyyyyyyyyyy"/>
      <phase duration="37" state="rrrrrrrrrrGgrrrrrrrrrrGg" minDur="32" maxDur="42"/>
      <phase duration="3"  state="yyyyyyyyyyyyyyyyyyyyyyyy"/>
      <phase duration="37" state="rrrrrrGGGGrrrrrrrrGGGGrg" minDur="32" maxDur="42"/>
      <phase duration="3"  state="yyyyyyyyyyyyyyyyyyyyyyyy"/>
  </tlLogic>
  <tlLogic id="n_1_3" type="static" programID="n_1_3" offset="0">
      <phase duration="37" state="rrrrGgrrrrrrrrrrGgrrrrrr" minDur="32" maxDur="42"/>
      <phase duration="3"  state="yyyyyyyyyyyyyyyyyyyyyyyy"/>
      <phase duration="37" state="GGGGrrrrrrrrGGGGrrrrrrrr" minDur="32" maxDur="42"/>
      <phase duration="3"  state="yyyyyyyyyyyyyyyyyyyyyyyy"/>
      <phase duration="37" state="rrrrrrrrrrGgrrrrrrrrrrGg" minDur="32" maxDur="42"/>
      <phase duration="3"  state="yyyyyyyyyyyyyyyyyyyyyyyy"/>
      <phase duration="37" state="rrrrrrGGGGrrrrrrrrGGGGrg" minDur="32" maxDur="42"/>
      <phase duration="3"  state="yyyyyyyyyyyyyyyyyyyyyyyy"/>
  </tlLogic>
  <tlLogic id="n_2_1" type="static" programID="n_2_1" offset="0">
      <phase duration="37" state="rrrrGgrrrrrrrrrrGgrrrrrr" minDur="32" maxDur="42"/>
      <phase duration="3"  state="yyyyyyyyyyyyyyyyyyyyyyyy"/>
      <phase duration="37" state="GGGGrrrrrrrrGGGGrrrrrrrr" minDur="32" maxDur="42"/>
      <phase duration="3"  state="yyyyyyyyyyyyyyyyyyyyyyyy"/>
      <phase duration="37" state="rrrrrrrrrrGgrrrrrrrrrrGg" minDur="32" maxDur="42"/>
      <phase duration="3"  state="yyyyyyyyyyyyyyyyyyyyyyyy"/>
      <phase duration="37" state="rrrrrrGGGGrrrrrrrrGGGGrg" minDur="32" maxDur="42"/>
      <phase duration="3"  state="yyyyyyyyyyyyyyyyyyyyyyyy"/>
  </tlLogic>
  <tlLogic id="n_2_2" type="static" programID="n_2_2" offset="0">
      <phase duration="37" state="rrrrGgrrrrrrrrrrGgrrrrrr" minDur="32" maxDur="42"/>
      <phase duration="3"  state="yyyyyyyyyyyyyyyyyyyyyyyy"/>
      <phase duration="37" state="GGGGrrrrrrrrGGGGrrrrrrrr" minDur="32" maxDur="42"/>
      <phase duration="3"  state="yyyyyyyyyyyyyyyyyyyyyyyy"/>
      <phase duration="37" state="rrrrrrrrrrGgrrrrrrrrrrGg" minDur="32" maxDur="42"/>
      <phase duration="3"  state="yyyyyyyyyyyyyyyyyyyyyyyy"/>
      <phase duration="37" state="rrrrrrGGGGrrrrrrrrGGGGrg" minDur="32" maxDur="42"/>
      <phase duration="3"  state="yyyyyyyyyyyyyyyyyyyyyyyy"/>
  </tlLogic>
  <tlLogic id="n_2_3" type="static" programID="n_2_3" offset="0">
      <phase duration="37" state="rrrrGgrrrrrrrrrrGgrrrrrr" minDur="32" maxDur="42"/>
      <phase duration="3"  state="yyyyyyyyyyyyyyyyyyyyyyyy"/>
      <phase duration="37" state="GGGGrrrrrrrrGGGGrrrrrrrr" minDur="32" maxDur="42"/>
      <phase duration="3"  state="yyyyyyyyyyyyyyyyyyyyyyyy"/>
      <phase duration="37" state="rrrrrrrrrrGgrrrrrrrrrrGg" minDur="32" maxDur="42"/>
      <phase duration="3"  state="yyyyyyyyyyyyyyyyyyyyyyyy"/>
      <phase duration="37" state="rrrrrrGGGGrrrrrrrrGGGGrg" minDur="32" maxDur="42"/>
      <phase duration="3"  state="yyyyyyyyyyyyyyyyyyyyyyyy"/>
  </tlLogic>
  <tlLogic id="n_3_1" type="static" programID="n_3_1" offset="0">
      <phase duration="37" state="rrrrGgrrrrrrrrrrGgrrrrrr" minDur="32" maxDur="42"/>
      <phase duration="3"  state="yyyyyyyyyyyyyyyyyyyyyyyy"/>
      <phase duration="37" state="GGGGrrrrrrrrGGGGrrrrrrrr" minDur="32" maxDur="42"/>
      <phase duration="3"  state="yyyyyyyyyyyyyyyyyyyyyyyy"/>
      <phase duration="37" state="rrrrrrrrrrGgrrrrrrrrrrGg" minDur="32" maxDur="42"/>
      <phase duration="3"  state="yyyyyyyyyyyyyyyyyyyyyyyy"/>
      <phase duration="37" state="rrrrrrGGGGrrrrrrrrGGGGrg" minDur="32" maxDur="42"/>
      <phase duration="3"  state="yyyyyyyyyyyyyyyyyyyyyyyy"/>
  </tlLogic>
  <tlLogic id="n_3_2" type="static" programID="n_3_2" offset="0">
      <phase duration="37" state="rrrrGgrrrrrrrrrrGgrrrrrr" minDur="32" maxDur="42"/>
      <phase duration="3"  state="yyyyyyyyyyyyyyyyyyyyyyyy"/>
      <phase duration="37" state="GGGGrrrrrrrrGGGGrrrrrrrr" minDur="32" maxDur="42"/>
      <phase duration="3"  state="yyyyyyyyyyyyyyyyyyyyyyyy"/>
      <phase duration="37" state="rrrrrrrrrrGgrrrrrrrrrrGg" minDur="32" maxDur="42"/>
      <phase duration="3"  state="yyyyyyyyyyyyyyyyyyyyyyyy"/>
      <phase duration="37" state="rrrrrrGGGGrrrrrrrrGGGGrg" minDur="32" maxDur="42"/>
      <phase duration="3"  state="yyyyyyyyyyyyyyyyyyyyyyyy"/>
  </tlLogic>
  <tlLogic id="n_3_3" type="static" programID="n_3_3" offset="0">
      <phase duration="37" state="rrrrGgrrrrrrrrrrGgrrrrrr" minDur="32" maxDur="42"/>
      <phase duration="3"  state="yyyyyyyyyyyyyyyyyyyyyyyy"/>
      <phase duration="37" state="GGGGrrrrrrrrGGGGrrrrrrrr" minDur="32" maxDur="42"/>
      <phase duration="3"  state="yyyyyyyyyyyyyyyyyyyyyyyy"/>
      <phase duration="37" state="rrrrrrrrrrGgrrrrrrrrrrGg" minDur="32" maxDur="42"/>
      <phase duration="3"  state="yyyyyyyyyyyyyyyyyyyyyyyy"/>
      <phase duration="37" state="rrrrrrGGGGrrrrrrrrGGGGrg" minDur="32" maxDur="42"/>
      <phase duration="3"  state="yyyyyyyyyyyyyyyyyyyyyyyy"/>
  </tlLogic>
</additional>
      
