<?xml version='1.0' encoding='UTF-8'?>
<routes>
    <flow from="n_0_l_to_n_0_0" to="n_4_0_to_n_0_r" id="n_0_l0" begin="0.0" end="3600.0" probability="0.15" reroute="true" departPos="base" departLane="best"/>
    <flow from="n_0_r_to_n_4_0" to="n_0_0_to_n_0_l" id="n_0_r0" begin="0.0" end="3600.0" probability="0.15" reroute="true" departPos="base" departLane="best"/>
    <flow from="n_0_u_to_n_0_0" to="n_0_4_to_n_0_d" id="n_0_u0" begin="0.0" end="3600.0" probability="0.125" reroute="true" departPos="base" departLane="best"/>
    <flow from="n_0_d_to_n_0_4" to="n_0_0_to_n_0_u" id="n_0_d0" begin="0.0" end="3600.0" probability="0.125" reroute="true" departPos="base" departLane="best"/>
    <flow from="n_1_l_to_n_0_1" to="n_4_1_to_n_1_r" id="n_1_l0" begin="0.0" end="3600.0" probability="0.15" reroute="true" departPos="base" departLane="best"/>
    <flow from="n_1_r_to_n_4_1" to="n_0_1_to_n_1_l" id="n_1_r0" begin="0.0" end="3600.0" probability="0.15" reroute="true" departPos="base" departLane="best"/>
    <flow from="n_1_u_to_n_1_0" to="n_1_4_to_n_1_d" id="n_1_u0" begin="0.0" end="3600.0" probability="0.125" reroute="true" departPos="base" departLane="best"/>
    <flow from="n_1_d_to_n_1_4" to="n_1_0_to_n_1_u" id="n_1_d0" begin="0.0" end="3600.0" probability="0.125" reroute="true" departPos="base" departLane="best"/>
    <flow from="n_2_l_to_n_0_2" to="n_4_2_to_n_2_r" id="n_2_l0" begin="0.0" end="3600.0" probability="0.15" reroute="true" departPos="base" departLane="best"/>
    <flow from="n_2_r_to_n_4_2" to="n_0_2_to_n_2_l" id="n_2_r0" begin="0.0" end="3600.0" probability="0.15" reroute="true" departPos="base" departLane="best"/>
    <flow from="n_2_u_to_n_2_0" to="n_2_4_to_n_2_d" id="n_2_u0" begin="0.0" end="3600.0" probability="0.125" reroute="true" departPos="base" departLane="best"/>
    <flow from="n_2_d_to_n_2_4" to="n_2_0_to_n_2_u" id="n_2_d0" begin="0.0" end="3600.0" probability="0.125" reroute="true" departPos="base" departLane="best"/>
    <flow from="n_3_l_to_n_0_3" to="n_4_3_to_n_3_r" id="n_3_l0" begin="0.0" end="3600.0" probability="0.15" reroute="true" departPos="base" departLane="best"/>
    <flow from="n_3_r_to_n_4_3" to="n_0_3_to_n_3_l" id="n_3_r0" begin="0.0" end="3600.0" probability="0.15" reroute="true" departPos="base" departLane="best"/>
    <flow from="n_3_u_to_n_3_0" to="n_3_4_to_n_3_d" id="n_3_u0" begin="0.0" end="3600.0" probability="0.125" reroute="true" departPos="base" departLane="best"/>
    <flow from="n_3_d_to_n_3_4" to="n_3_0_to_n_3_u" id="n_3_d0" begin="0.0" end="3600.0" probability="0.125" reroute="true" departPos="base" departLane="best"/>
    <flow from="n_4_l_to_n_0_4" to="n_4_4_to_n_4_r" id="n_4_l0" begin="0.0" end="3600.0" probability="0.15" reroute="true" departPos="base" departLane="best"/>
    <flow from="n_4_r_to_n_4_4" to="n_0_4_to_n_4_l" id="n_4_r0" begin="0.0" end="3600.0" probability="0.15" reroute="true" departPos="base" departLane="best"/>
    <flow from="n_4_u_to_n_4_0" to="n_4_4_to_n_4_d" id="n_4_u0" begin="0.0" end="3600.0" probability="0.125" reroute="true" departPos="base" departLane="best"/>
    <flow from="n_4_d_to_n_4_4" to="n_4_0_to_n_4_u" id="n_4_d0" begin="0.0" end="3600.0" probability="0.125" reroute="true" departPos="base" departLane="best"/>
    <flow from="n_0_l_to_n_0_0" to="n_4_0_to_n_0_r" id="n_0_l1" begin="900.0" end="1800.0" probability="0.18" reroute="true" departPos="base" departLane="best"/>
    <flow from="n_0_r_to_n_4_0" to="n_0_0_to_n_0_l" id="n_0_r1" begin="900.0" end="1800.0" probability="0.18" reroute="true" departPos="base" departLane="best"/>
    <flow from="n_0_u_to_n_0_0" to="n_0_4_to_n_0_d" id="n_0_u1" begin="900.0" end="1800.0" probability="0.15" reroute="true" departPos="base" departLane="best"/>
    <flow from="n_0_d_to_n_0_4" to="n_0_0_to_n_0_u" id="n_0_d1" begin="900.0" end="1800.0" probability="0.15" reroute="true" departPos="base" departLane="best"/>
    <flow from="n_1_l_to_n_0_1" to="n_4_1_to_n_1_r" id="n_1_l1" begin="900.0" end="1800.0" probability="0.18" reroute="true" departPos="base" departLane="best"/>
    <flow from="n_1_r_to_n_4_1" to="n_0_1_to_n_1_l" id="n_1_r1" begin="900.0" end="1800.0" probability="0.18" reroute="true" departPos="base" departLane="best"/>
    <flow from="n_1_u_to_n_1_0" to="n_1_4_to_n_1_d" id="n_1_u1" begin="900.0" end="1800.0" probability="0.15" reroute="true" departPos="base" departLane="best"/>
    <flow from="n_1_d_to_n_1_4" to="n_1_0_to_n_1_u" id="n_1_d1" begin="900.0" end="1800.0" probability="0.15" reroute="true" departPos="base" departLane="best"/>
    <flow from="n_2_l_to_n_0_2" to="n_4_2_to_n_2_r" id="n_2_l1" begin="900.0" end="1800.0" probability="0.18" reroute="true" departPos="base" departLane="best"/>
    <flow from="n_2_r_to_n_4_2" to="n_0_2_to_n_2_l" id="n_2_r1" begin="900.0" end="1800.0" probability="0.18" reroute="true" departPos="base" departLane="best"/>
    <flow from="n_2_u_to_n_2_0" to="n_2_4_to_n_2_d" id="n_2_u1" begin="900.0" end="1800.0" probability="0.15" reroute="true" departPos="base" departLane="best"/>
    <flow from="n_2_d_to_n_2_4" to="n_2_0_to_n_2_u" id="n_2_d1" begin="900.0" end="1800.0" probability="0.15" reroute="true" departPos="base" departLane="best"/>
    <flow from="n_3_l_to_n_0_3" to="n_4_3_to_n_3_r" id="n_3_l1" begin="900.0" end="1800.0" probability="0.18" reroute="true" departPos="base" departLane="best"/>
    <flow from="n_3_r_to_n_4_3" to="n_0_3_to_n_3_l" id="n_3_r1" begin="900.0" end="1800.0" probability="0.18" reroute="true" departPos="base" departLane="best"/>
    <flow from="n_3_u_to_n_3_0" to="n_3_4_to_n_3_d" id="n_3_u1" begin="900.0" end="1800.0" probability="0.15" reroute="true" departPos="base" departLane="best"/>
    <flow from="n_3_d_to_n_3_4" to="n_3_0_to_n_3_u" id="n_3_d1" begin="900.0" end="1800.0" probability="0.15" reroute="true" departPos="base" departLane="best"/>
    <flow from="n_4_l_to_n_0_4" to="n_4_4_to_n_4_r" id="n_4_l1" begin="900.0" end="1800.0" probability="0.18" reroute="true" departPos="base" departLane="best"/>
    <flow from="n_4_r_to_n_4_4" to="n_0_4_to_n_4_l" id="n_4_r1" begin="900.0" end="1800.0" probability="0.18" reroute="true" departPos="base" departLane="best"/>
    <flow from="n_4_u_to_n_4_0" to="n_4_4_to_n_4_d" id="n_4_u1" begin="900.0" end="1800.0" probability="0.15" reroute="true" departPos="base" departLane="best"/>
    <flow from="n_4_d_to_n_4_4" to="n_4_0_to_n_4_u" id="n_4_d1" begin="900.0" end="1800.0" probability="0.15" reroute="true" departPos="base" departLane="best"/>
    <flow from="n_0_l_to_n_0_0" to="n_4_0_to_n_0_r" id="n_0_l2" begin="1800.0" end="2700.0" probability="0.160" reroute="true" departPos="base" departLane="best"/>
    <flow from="n_0_r_to_n_4_0" to="n_0_0_to_n_0_l" id="n_0_r2" begin="1800.0" end="2700.0" probability="0.160" reroute="true" departPos="base" departLane="best"/>
    <flow from="n_0_u_to_n_0_0" to="n_0_4_to_n_0_d" id="n_0_u2" begin="1800.0" end="2700.0" probability="0.155" reroute="true" departPos="base" departLane="best"/>
    <flow from="n_0_d_to_n_0_4" to="n_0_0_to_n_0_u" id="n_0_d2" begin="1800.0" end="2700.0" probability="0.155" reroute="true" departPos="base" departLane="best"/>
    <flow from="n_1_l_to_n_0_1" to="n_4_1_to_n_1_r" id="n_1_l2" begin="1800.0" end="2700.0" probability="0.160" reroute="true" departPos="base" departLane="best"/>
    <flow from="n_1_r_to_n_4_1" to="n_0_1_to_n_1_l" id="n_1_r2" begin="1800.0" end="2700.0" probability="0.160" reroute="true" departPos="base" departLane="best"/>
    <flow from="n_1_u_to_n_1_0" to="n_1_4_to_n_1_d" id="n_1_u2" begin="1800.0" end="2700.0" probability="0.155" reroute="true" departPos="base" departLane="best"/>
    <flow from="n_1_d_to_n_1_4" to="n_1_0_to_n_1_u" id="n_1_d2" begin="1800.0" end="2700.0" probability="0.155" reroute="true" departPos="base" departLane="best"/>
    <flow from="n_2_l_to_n_0_2" to="n_4_2_to_n_2_r" id="n_2_l2" begin="1800.0" end="2700.0" probability="0.160" reroute="true" departPos="base" departLane="best"/>
    <flow from="n_2_r_to_n_4_2" to="n_0_2_to_n_2_l" id="n_2_r2" begin="1800.0" end="2700.0" probability="0.160" reroute="true" departPos="base" departLane="best"/>
    <flow from="n_2_u_to_n_2_0" to="n_2_4_to_n_2_d" id="n_2_u2" begin="1800.0" end="2700.0" probability="0.155" reroute="true" departPos="base" departLane="best"/>
    <flow from="n_2_d_to_n_2_4" to="n_2_0_to_n_2_u" id="n_2_d2" begin="1800.0" end="2700.0" probability="0.155" reroute="true" departPos="base" departLane="best"/>
    <flow from="n_3_l_to_n_0_3" to="n_4_3_to_n_3_r" id="n_3_l2" begin="1800.0" end="2700.0" probability="0.160" reroute="true" departPos="base" departLane="best"/>
    <flow from="n_3_r_to_n_4_3" to="n_0_3_to_n_3_l" id="n_3_r2" begin="1800.0" end="2700.0" probability="0.160" reroute="true" departPos="base" departLane="best"/>
    <flow from="n_3_u_to_n_3_0" to="n_3_4_to_n_3_d" id="n_3_u2" begin="1800.0" end="2700.0" probability="0.155" reroute="true" departPos="base" departLane="best"/>
    <flow from="n_3_d_to_n_3_4" to="n_3_0_to_n_3_u" id="n_3_d2" begin="1800.0" end="2700.0" probability="0.155" reroute="true" departPos="base" departLane="best"/>
    <flow from="n_4_l_to_n_0_4" to="n_4_4_to_n_4_r" id="n_4_l2" begin="1800.0" end="2700.0" probability="0.160" reroute="true" departPos="base" departLane="best"/>
    <flow from="n_4_r_to_n_4_4" to="n_0_4_to_n_4_l" id="n_4_r2" begin="1800.0" end="2700.0" probability="0.160" reroute="true" departPos="base" departLane="best"/>
    <flow from="n_4_u_to_n_4_0" to="n_4_4_to_n_4_d" id="n_4_u2" begin="1800.0" end="2700.0" probability="0.155" reroute="true" departPos="base" departLane="best"/>
    <flow from="n_4_d_to_n_4_4" to="n_4_0_to_n_4_u" id="n_4_d2" begin="1800.0" end="2700.0" probability="0.155" reroute="true" departPos="base" departLane="best"/>
    <flow from="n_0_l_to_n_0_0" to="n_4_0_to_n_0_r" id="n_0_l3" begin="2700.0" end="3600.0" probability="0.200" reroute="true" departPos="base" departLane="best"/>
    <flow from="n_0_r_to_n_4_0" to="n_0_0_to_n_0_l" id="n_0_r3" begin="2700.0" end="3600.0" probability="0.200" reroute="true" departPos="base" departLane="best"/>
    <flow from="n_0_u_to_n_0_0" to="n_0_4_to_n_0_d" id="n_0_u3" begin="2700.0" end="3600.0" probability="0.18" reroute="true" departPos="base" departLane="best"/>
    <flow from="n_0_d_to_n_0_4" to="n_0_0_to_n_0_u" id="n_0_d3" begin="2700.0" end="3600.0" probability="0.18" reroute="true" departPos="base" departLane="best"/>
    <flow from="n_1_l_to_n_0_1" to="n_4_1_to_n_1_r" id="n_1_l3" begin="2700.0" end="3600.0" probability="0.200" reroute="true" departPos="base" departLane="best"/>
    <flow from="n_1_r_to_n_4_1" to="n_0_1_to_n_1_l" id="n_1_r3" begin="2700.0" end="3600.0" probability="0.200" reroute="true" departPos="base" departLane="best"/>
    <flow from="n_1_u_to_n_1_0" to="n_1_4_to_n_1_d" id="n_1_u3" begin="2700.0" end="3600.0" probability="0.18" reroute="true" departPos="base" departLane="best"/>
    <flow from="n_1_d_to_n_1_4" to="n_1_0_to_n_1_u" id="n_1_d3" begin="2700.0" end="3600.0" probability="0.18" reroute="true" departPos="base" departLane="best"/>
    <flow from="n_2_l_to_n_0_2" to="n_4_2_to_n_2_r" id="n_2_l3" begin="2700.0" end="3600.0" probability="0.200" reroute="true" departPos="base" departLane="best"/>
    <flow from="n_2_r_to_n_4_2" to="n_0_2_to_n_2_l" id="n_2_r3" begin="2700.0" end="3600.0" probability="0.200" reroute="true" departPos="base" departLane="best"/>
    <flow from="n_2_u_to_n_2_0" to="n_2_4_to_n_2_d" id="n_2_u3" begin="2700.0" end="3600.0" probability="0.18" reroute="true" departPos="base" departLane="best"/>
    <flow from="n_2_d_to_n_2_4" to="n_2_0_to_n_2_u" id="n_2_d3" begin="2700.0" end="3600.0" probability="0.18" reroute="true" departPos="base" departLane="best"/>
    <flow from="n_3_l_to_n_0_3" to="n_4_3_to_n_3_r" id="n_3_l3" begin="2700.0" end="3600.0" probability="0.200" reroute="true" departPos="base" departLane="best"/>
    <flow from="n_3_r_to_n_4_3" to="n_0_3_to_n_3_l" id="n_3_r3" begin="2700.0" end="3600.0" probability="0.200" reroute="true" departPos="base" departLane="best"/>
    <flow from="n_3_u_to_n_3_0" to="n_3_4_to_n_3_d" id="n_3_u3" begin="2700.0" end="3600.0" probability="0.18" reroute="true" departPos="base" departLane="best"/>
    <flow from="n_3_d_to_n_3_4" to="n_3_0_to_n_3_u" id="n_3_d3" begin="2700.0" end="3600.0" probability="0.18" reroute="true" departPos="base" departLane="best"/>
    <flow from="n_4_l_to_n_0_4" to="n_4_4_to_n_4_r" id="n_4_l3" begin="2700.0" end="3600.0" probability="0.200" reroute="true" departPos="base" departLane="best"/>
    <flow from="n_4_r_to_n_4_4" to="n_0_4_to_n_4_l" id="n_4_r3" begin="2700.0" end="3600.0" probability="0.200" reroute="true" departPos="base" departLane="best"/>
    <flow from="n_4_u_to_n_4_0" to="n_4_4_to_n_4_d" id="n_4_u3" begin="2700.0" end="3600.0" probability="0.18" reroute="true" departPos="base" departLane="best"/>
    <flow from="n_4_d_to_n_4_4" to="n_4_0_to_n_4_u" id="n_4_d3" begin="2700.0" end="3600.0" probability="0.18" reroute="true" departPos="base" departLane="best"/>
    </routes>
    
